"Date","Price","Open","High","Low","Vol.","Change %"
"09/15/2023","1.0663","1.0635","1.0669","1.0633","","0.21%"
"09/14/2023","1.0641","1.0729","1.0753","1.0631","","-0.81%"
"09/13/2023","1.0728","1.0754","1.0766","1.0711","","-0.22%"
"09/12/2023","1.0752","1.0751","1.0769","1.0705","","0.04%"
"09/11/2023","1.0748","1.0716","1.0760","1.0707","","0.46%"
"09/08/2023","1.0699","1.0697","1.0745","1.0694","","0.00%"
"09/07/2023","1.0699","1.0726","1.0733","1.0686","","-0.26%"
"09/06/2023","1.0727","1.0729","1.0749","1.0703","","0.07%"
"09/05/2023","1.0720","1.0797","1.0799","1.0706","","-0.69%"
"09/04/2023","1.0794","1.0777","1.0810","1.0771","","0.19%"
"09/01/2023","1.0773","1.0840","1.0883","1.0771","","-0.63%"
"08/31/2023","1.0841","1.0926","1.0941","1.0834","","-0.76%"
"08/30/2023","1.0924","1.0879","1.0947","1.0855","","0.43%"
"08/29/2023","1.0877","1.0814","1.0892","1.0782","","0.55%"
"08/28/2023","1.0817","1.0801","1.0823","1.0793","","0.16%"
"08/25/2023","1.0800","1.0810","1.0842","1.0766","","-0.08%"
"08/24/2023","1.0809","1.0863","1.0877","1.0805","","-0.46%"
"08/23/2023","1.0859","1.0848","1.0872","1.0802","","0.14%"
"08/22/2023","1.0844","1.0893","1.0932","1.0833","","-0.43%"
"08/21/2023","1.0891","1.0878","1.0914","1.0869","","0.24%"
"08/18/2023","1.0865","1.0872","1.0895","1.0845","","-0.06%"
"08/17/2023","1.0871","1.0876","1.0919","1.0855","","-0.03%"
"08/16/2023","1.0874","1.0907","1.0935","1.0871","","-0.28%"
"08/15/2023","1.0904","1.0906","1.0954","1.0897","","0.00%"
"08/14/2023","1.0904","1.0953","1.0961","1.0874","","-0.37%"
"08/11/2023","1.0944","1.0981","1.1006","1.0942","","-0.32%"
"08/10/2023","1.0979","1.0975","1.1065","1.0967","","0.05%"
"08/09/2023","1.0973","1.0953","1.0996","1.0951","","0.17%"
"08/08/2023","1.0954","1.1001","1.1012","1.0928","","-0.44%"
"08/07/2023","1.1002","1.1018","1.1019","1.0965","","-0.07%"
"08/04/2023","1.1010","1.0946","1.1042","1.0934","","0.60%"
"08/03/2023","1.0944","1.0938","1.0963","1.0912","","0.07%"
"08/02/2023","1.0936","1.0983","1.1020","1.0918","","-0.42%"
"08/01/2023","1.0982","1.0996","1.1004","1.0951","","-0.10%"
"07/31/2023","1.0993","1.1023","1.1047","1.0993","","-0.20%"
"07/28/2023","1.1015","1.0978","1.1048","1.0943","","0.38%"
"07/27/2023","1.0973","1.1081","1.1150","1.0965","","-0.99%"
"07/26/2023","1.1083","1.1053","1.1107","1.1037","","0.27%"
"07/25/2023","1.1053","1.1065","1.1087","1.1020","","-0.08%"
"07/24/2023","1.1062","1.1127","1.1148","1.1059","","-0.55%"
"07/21/2023","1.1123","1.1133","1.1145","1.1107","","-0.04%"
"07/20/2023","1.1128","1.1200","1.1229","1.1118","","-0.63%"
"07/19/2023","1.1198","1.1227","1.1241","1.1174","","-0.25%"
"07/18/2023","1.1226","1.1237","1.1277","1.1208","","-0.07%"
"07/17/2023","1.1234","1.1235","1.1250","1.1203","","0.06%"
"07/14/2023","1.1227","1.1227","1.1245","1.1204","","0.03%"
"07/13/2023","1.1224","1.1131","1.1228","1.1128","","0.86%"
"07/12/2023","1.1128","1.1008","1.1141","1.1004","","1.11%"
"07/11/2023","1.1006","1.1000","1.1027","1.0977","","0.06%"
"07/10/2023","1.0999","1.0971","1.1003","1.0943","","0.29%"
"07/07/2023","1.0967","1.0887","1.0975","1.0867","","0.73%"
"07/06/2023","1.0887","1.0858","1.0901","1.0833","","0.33%"
"07/05/2023","1.0851","1.0878","1.0908","1.0850","","-0.24%"
"07/04/2023","1.0877","1.0911","1.0918","1.0876","","-0.31%"
"07/03/2023","1.0911","1.0911","1.0934","1.0870","","0.01%"
"06/30/2023","1.0910","1.0864","1.0933","1.0834","","0.42%"
"06/29/2023","1.0864","1.0914","1.0942","1.0860","","-0.43%"
"06/28/2023","1.0911","1.0961","1.0963","1.0897","","-0.44%"
"06/27/2023","1.0959","1.0910","1.0977","1.0902","","0.50%"
"06/26/2023","1.0904","1.0897","1.0921","1.0887","","0.14%"
"06/23/2023","1.0889","1.0957","1.0960","1.0843","","-0.61%"
"06/22/2023","1.0956","1.0986","1.1012","1.0948","","-0.25%"
"06/21/2023","1.0984","1.0916","1.0991","1.0905","","0.62%"
"06/20/2023","1.0916","1.0921","1.0947","1.0892","","-0.05%"
"06/19/2023","1.0922","1.0942","1.0947","1.0906","","-0.10%"
"06/16/2023","1.0933","1.0944","1.0971","1.0918","","-0.11%"
"06/15/2023","1.0945","1.0830","1.0954","1.0803","","1.05%"
"06/14/2023","1.0831","1.0792","1.0864","1.0774","","0.37%"
"06/13/2023","1.0791","1.0755","1.0825","1.0754","","0.32%"
"06/12/2023","1.0757","1.0751","1.0791","1.0733","","0.09%"
"06/09/2023","1.0747","1.0782","1.0786","1.0742","","-0.32%"
"06/08/2023","1.0781","1.0699","1.0788","1.0696","","0.79%"
"06/07/2023","1.0697","1.0695","1.0740","1.0668","","0.06%"
"06/06/2023","1.0691","1.0714","1.0733","1.0667","","-0.20%"
"06/05/2023","1.0712","1.0712","1.0724","1.0674","","0.06%"
"06/02/2023","1.0706","1.0762","1.0780","1.0704","","-0.51%"
"06/01/2023","1.0761","1.0690","1.0769","1.0661","","0.68%"
"05/31/2023","1.0688","1.0736","1.0737","1.0634","","-0.42%"
"05/30/2023","1.0733","1.0707","1.0747","1.0672","","0.26%"
"05/29/2023","1.0705","1.0726","1.0745","1.0705","","-0.18%"
"05/26/2023","1.0724","1.0722","1.0760","1.0701","","0.05%"
"05/25/2023","1.0719","1.0750","1.0757","1.0707","","-0.27%"
"05/24/2023","1.0748","1.0775","1.0802","1.0747","","-0.19%"
"05/23/2023","1.0768","1.0812","1.0821","1.0760","","-0.40%"
"05/22/2023","1.0811","1.0814","1.0832","1.0795","","0.08%"
"05/19/2023","1.0802","1.0771","1.0829","1.0760","","0.31%"
"05/18/2023","1.0769","1.0840","1.0848","1.0762","","-0.65%"
"05/17/2023","1.0839","1.0862","1.0875","1.0810","","-0.20%"
"05/16/2023","1.0861","1.0874","1.0905","1.0855","","-0.10%"
"05/15/2023","1.0872","1.0856","1.0891","1.0845","","0.22%"
"05/12/2023","1.0848","1.0916","1.0936","1.0848","","-0.60%"
"05/11/2023","1.0914","1.0981","1.0999","1.0899","","-0.60%"
"05/10/2023","1.0980","1.0961","1.1007","1.0941","","0.18%"
"05/09/2023","1.0960","1.1006","1.1006","1.0941","","-0.40%"
"05/08/2023","1.1004","1.1033","1.1055","1.0999","","-0.12%"
"05/05/2023","1.1017","1.1012","1.1049","1.0967","","0.05%"
"05/04/2023","1.1011","1.1060","1.1092","1.0985","","-0.43%"
"05/03/2023","1.1059","1.0999","1.1092","1.0999","","0.55%"
"05/02/2023","1.0999","1.0973","1.1009","1.0941","","0.22%"
"05/01/2023","1.0975","1.1035","1.1038","1.0963","","-0.41%"
"04/28/2023","1.1020","1.1028","1.1046","1.0962","","-0.06%"
"04/27/2023","1.1027","1.1042","1.1064","1.0992","","-0.12%"
"04/26/2023","1.1040","1.0972","1.1096","1.0967","","0.62%"
"04/25/2023","1.0972","1.1046","1.1068","1.0963","","-0.62%"
"04/24/2023","1.1041","1.0991","1.1051","1.0965","","0.49%"
"04/21/2023","1.0987","1.0970","1.0994","1.0938","","0.18%"
"04/20/2023","1.0967","1.0956","1.0991","1.0933","","0.12%"
"04/19/2023","1.0954","1.0972","1.0984","1.0917","","-0.15%"
"04/18/2023","1.0971","1.0924","1.0984","1.0921","","0.41%"
"04/17/2023","1.0926","1.0990","1.1000","1.0908","","-0.67%"
"04/14/2023","1.1000","1.1043","1.1077","1.0972","","-0.40%"
"04/13/2023","1.1044","1.0992","1.1069","1.0977","","0.50%"
"04/12/2023","1.0989","1.0913","1.1001","1.0911","","0.72%"
"04/11/2023","1.0910","1.0863","1.0928","1.0857","","0.47%"
"04/10/2023","1.0859","1.0901","1.0918","1.0831","","-0.35%"
"04/07/2023","1.0897","1.0923","1.0926","1.0876","","-0.21%"
"04/06/2023","1.0920","1.0903","1.0939","1.0884","","0.16%"
"04/05/2023","1.0903","1.0953","1.0970","1.0891","","-0.45%"
"04/04/2023","1.0952","1.0901","1.0974","1.0883","","0.52%"
"04/03/2023","1.0895","1.0847","1.0918","1.0788","","0.52%"
"03/31/2023","1.0839","1.0906","1.0927","1.0836","","-0.57%"
"03/30/2023","1.0901","1.0844","1.0927","1.0823","","0.53%"
"03/29/2023","1.0843","1.0844","1.0872","1.0817","","0.00%"
"03/28/2023","1.0843","1.0797","1.0849","1.0795","","0.44%"
"03/27/2023","1.0796","1.0767","1.0800","1.0745","","0.34%"
"03/24/2023","1.0759","1.0829","1.0840","1.0713","","-0.66%"
"03/23/2023","1.0830","1.0856","1.0931","1.0824","","-0.23%"
"03/22/2023","1.0855","1.0768","1.0913","1.0759","","0.82%"
"03/21/2023","1.0767","1.0721","1.0789","1.0704","","0.45%"
"03/20/2023","1.0719","1.0697","1.0732","1.0631","","0.50%"
"03/17/2023","1.0666","1.0609","1.0686","1.0605","","0.58%"
"03/16/2023","1.0605","1.0577","1.0637","1.0550","","0.28%"
"03/15/2023","1.0575","1.0733","1.0761","1.0516","","-1.46%"
"03/14/2023","1.0732","1.0731","1.0750","1.0678","","0.03%"
"03/13/2023","1.0729","1.0647","1.0749","1.0647","","0.81%"
"03/10/2023","1.0643","1.0580","1.0702","1.0573","","0.60%"
"03/09/2023","1.0580","1.0545","1.0591","1.0538","","0.34%"
"03/08/2023","1.0544","1.0549","1.0575","1.0524","","-0.03%"
"03/07/2023","1.0547","1.0681","1.0695","1.0546","","-1.23%"
"03/06/2023","1.0678","1.0619","1.0695","1.0615","","0.43%"
"03/03/2023","1.0632","1.0598","1.0639","1.0587","","0.34%"
"03/02/2023","1.0596","1.0668","1.0674","1.0575","","-0.65%"
"03/01/2023","1.0665","1.0576","1.0692","1.0565","","0.84%"
"02/28/2023","1.0576","1.0605","1.0646","1.0574","","-0.29%"
"02/27/2023","1.0607","1.0541","1.0620","1.0532","","0.58%"
"02/24/2023","1.0546","1.0597","1.0616","1.0536","","-0.46%"
"02/23/2023","1.0595","1.0603","1.0628","1.0576","","-0.06%"
"02/22/2023","1.0601","1.0648","1.0664","1.0598","","-0.42%"
"02/21/2023","1.0646","1.0686","1.0698","1.0637","","-0.34%"
"02/20/2023","1.0682","1.0688","1.0705","1.0670","","-0.11%"
"02/17/2023","1.0694","1.0674","1.0699","1.0612","","0.24%"
"02/16/2023","1.0668","1.0690","1.0723","1.0654","","-0.20%"
"02/15/2023","1.0689","1.0738","1.0746","1.0660","","-0.43%"
"02/14/2023","1.0735","1.0723","1.0805","1.0706","","0.14%"
"02/13/2023","1.0720","1.0679","1.0731","1.0655","","0.42%"
"02/10/2023","1.0675","1.0738","1.0754","1.0666","","-0.57%"
"02/09/2023","1.0736","1.0711","1.0793","1.0709","","0.25%"
"02/08/2023","1.0709","1.0726","1.0761","1.0709","","-0.13%"
"02/07/2023","1.0723","1.0727","1.0768","1.0667","","-0.07%"
"02/06/2023","1.0730","1.0790","1.0799","1.0709","","-0.58%"
"02/03/2023","1.0793","1.0909","1.0941","1.0791","","-1.07%"
"02/02/2023","1.0910","1.0990","1.1034","1.0885","","-0.72%"
"02/01/2023","1.0989","1.0864","1.1001","1.0852","","1.17%"
"01/31/2023","1.0862","1.0850","1.0876","1.0802","","0.17%"
"01/30/2023","1.0844","1.0875","1.0914","1.0839","","-0.21%"
"01/27/2023","1.0867","1.0892","1.0901","1.0836","","-0.20%"
"01/26/2023","1.0889","1.0917","1.0930","1.0849","","-0.24%"
"01/25/2023","1.0915","1.0881","1.0925","1.0856","","0.28%"
"01/24/2023","1.0885","1.0872","1.0898","1.0834","","0.16%"
"01/23/2023","1.0868","1.0860","1.0927","1.0846","","0.12%"
"01/20/2023","1.0855","1.0833","1.0860","1.0802","","0.26%"
"01/19/2023","1.0827","1.0790","1.0841","1.0782","","0.32%"
"01/18/2023","1.0792","1.0790","1.0889","1.0766","","0.04%"
"01/17/2023","1.0788","1.0822","1.0870","1.0775","","-0.26%"
"01/16/2023","1.0816","1.0834","1.0875","1.0801","","-0.11%"
"01/13/2023","1.0828","1.0854","1.0869","1.0780","","-0.17%"
"01/12/2023","1.0846","1.0757","1.0868","1.0730","","0.85%"
"01/11/2023","1.0755","1.0736","1.0777","1.0725","","0.20%"
"01/10/2023","1.0734","1.0725","1.0760","1.0711","","0.06%"
"01/09/2023","1.0728","1.0637","1.0761","1.0636","","0.79%"
"01/06/2023","1.0644","1.0522","1.0648","1.0483","","1.18%"
"01/05/2023","1.0520","1.0604","1.0632","1.0515","","-0.75%"
"01/04/2023","1.0599","1.0552","1.0636","1.0540","","0.50%"
"01/03/2023","1.0546","1.0663","1.0684","1.0519","","-1.09%"
"01/02/2023","1.0662","1.0702","1.0708","1.0650","","-0.37%"